itemid,itemname,categoryid
100101, Children's BENADRYL® Allergy Chewables* Grape* 20 Count, 1001
100102, ZYRTEC® Tablets* 70 Count* 10 mg, 1001
100103, VISINE® A.C.® Astringent/Redness Reliever Eye Drops* 0.5 Fl. Oz, 1001
100104, BAND-AID® Brand Adhesive Bandages SKIN-FLEX™ Assorted 20 Count, 1001
100105, BAND-AID® Brand Adhesive Bandages featuring Disney Junior Doc McStuffins™* Assorted Sizes* 20 Count, 1001
100106, CHILDREN’S RHINOCORT® Allergy Spray* 60 Spray, 1001
100107, Children's MOTRIN® Oral Suspension Dye-Free Berry* 4 Oz, 1002
100108, Infants' MOTRIN® Concentrated Drops* .5 Oz, 1002
100109, Children's MOTRIN® Oral Suspension* 4 Oz, 1002
100110, Children's MOTRIN® Oral Suspension* Berry* 1 Oz, 1002
100111, Children's MOTRIN® Oral Suspension* Grape* 4 Oz, 1002
100112, Children's MOTRIN® Oral Suspension* Bubble Gum* 4 Oz, 1002
100113, Infants' MOTRIN® Concentrated Drops Dye-Free* 1 Fl. Oz, 1002
100114, Children's MOTRIN® Oral Suspension* Berry* 4 Oz, 1002
100115, Infants' TYLENOL® Oral Suspension* 2 Oz, 1002
100116, HEALTHY ESSENTIALS® All Better Baby™ Gift Set* 4 Items, 1002
100117, Children’s TYLENOL® Oral Suspension* Grape 4 FL. OZ., 1002
100118, JOHNSON'S® Baby Hand & Face Wipes* 25 Count, 1002
100119, Children's BENADRYL® Allergy Chewables* Grape* 20 Count, 1002
100120, JOHNSON'S® KIDS NO MORE TANGLES® Detangling Spray STRAWBERRY SENSATION®* 10 Fl. Oz, 1002
100121, JOHNSON’S® NO MORE TANGLES® Shampoo* 18 Fl. Oz, 1002
100122, NEUTROGENA® Wet Skin Kids Sunscreen Spray Broad Spectrum SPF 70+* 5 Oz, 1002
100123, HEALTHY ESSENTIALS® All Better Baby™ Gift Set* 4 Items, 1002
100124, Children’s TYLENOL® Oral Suspension* Grape 4 FL. OZ., 1002
100125, JOHNSON'S® Baby Hand & Face Wipes* 25 Count, 1002
100126, Children's BENADRYL® Allergy Chewables* Grape* 20 Count, 1002
100127, Children’s TYLENOL® Chewables* Grape* 24 ct., 1002
100128, Children’s TYLENOL® Chewables* Bubblegum* 24 ct., 1002
100129, JOHNSON'S® HEAD-TO-TOE® Extra Moisturizing Baby Cream* 1 Oz, 1002
100130, JOHNSON'S® HEAD-TO-TOE® Extra Moisturizing Baby Wash* 1 Fl. Oz, 1002
100131, JOHNSON'S® HEAD-TO-TOE® Extra Moisturizing Baby Wash* 9 Fl. Oz, 1002
100132, JOHNSON'S® HEAD-TO-TOE® Extra Moisturizing Baby Cream* 27 Oz, 1002
100133, JOHNSON'S® HEAD-TO-TOE® Extra Moisturizing Baby Wash* 15 Fl. Oz, 1002
100134, JOHNSON'S® HEAD-TO-TOE® Extra Moisturizing Baby Wash* 28 Fl. Oz, 1002
100135, JOHNSON'S® HEAD-TO-TOE® Extra Moisturizing Baby Cream* 15 Oz, 1002
100136, BAND-AID® Brand Adhesive Bandages featuring Disney/Pixar Cars 3™* Assorted Sizes* 20 Count, 1002
100137, BAND-AID® Brand SKIN-FLEX™ Adhesive Bandages* All One Size* 25 Count, 1002
100138, BAND-AID® Brand Adhesive Bandages featuring Disney Junior Doc McStuffins™* Assorted Sizes* 20 Count, 1002
100139, BAND-AID® Brand Adhesive Bandages featuring Disney Junior Elena of Avalor* Assorted Sizes* 20 Count, 1002
100140, CHILDREN’S RHINOCORT® Allergy Spray* 60 Spray, 1002
100141, AVEENO® Baby CONTINUOUS PROTECTION® Lotion Sunscreen with Broad Spectrum SPF 55, 1002
100142, SUDAFED PE® Congestion* 36 Count, 1003
100143, BAND-AID® Brand Adhesive Bandages featuring Disney/Pixar Cars 3™* Assorted Sizes* 20 Count, 1003
100144, BAND-AID® Brand SKIN-FLEX™ Adhesive Bandages* All One Size* 25 Count, 1003
100145, BAND-AID® Brand Adhesive Bandages featuring Nickelodeon Shimmer and Shine* Assorted Sizes* 20 Count, 1003
100146, TYLENOL® Sinus Congestion and Pain Severe Caplets* 24 Count, 1003
100147, TYLENOL® Cold Multi-Symptom Severe Liquid* Daytime* 8 Oz, 1003
100148, TYLENOL® Cold + Head Congestion Severe* Caplets* 24 Count, 1003
100149, TYLENOL® Sinus Congestion and Pain Caplets* Daytime* 24 Count, 1003
100150, IMODIUM® Multi-Symptom Relief Caplets* 18 Count, 1004
100151, BAND-AID® Brand SKIN-FLEX™ Adhesive Bandages* Finger* 10 Count, 1004
100152, BAND-AID® Brand Adhesive Bandages featuring Disney Frozen* Assorted Sizes* 20 Count, 1004
100153, BAND-AID® Brand Adhesive Bandages featuring Disney Junior Sophia the First* Assorted Sizes* 20 Count, 1004
100154, PEPCID COMPLETE® Chewable Tablets* Berry Flavor, 1004
100155, PEPCID COMPLETE® Chewable Tablets* Mint Flavor, 1004
100156, Maximum Strength PEPCID AC® Tablets* 8 Count, 1004
100157, BAND-AID® Brand Adhesive Bandages featuring PEANUTS®* Assorted Sizes* 20 Count, 1005
100158, NEOSPORIN® + Pain Relief NEO TO GO!® First Aid Antiseptic/Pain Relieving Spray* .26 Oz, 1005
100159, BAND-AID® Brand Adhesive Bandages featuring Disney/Pixar Finding Dory* Assorted Sizes* 20 Count, 1005
100160, NEOSPORIN® + Pain Relief Ointment* 1 Oz, 1005
100161, BAND-AID® Brand SKIN-FLEX™ Adhesive Bandages* Finger* 10 Count, 1005
100162, BAND-AID® Brand Adhesive Bandages SKIN-FLEX™ Assorted 20 Count, 1005
100163, BAND-AID® Brand Adhesive Bandages featuring Disney/Pixar Cars 3™* Assorted Sizes* 20 Count, 1005
100164, BAND-AID® Brand SKIN-FLEX™ Adhesive Bandages* All One Size* 25 Count, 1005
100165, BAND-AID® Brand Adhesive Bandages featuring Nickelodeon Shimmer and Shine* Assorted Sizes* 20 Count, 1005
100166, BAND-AID® Brand Adhesive Bandages featuring Disney Junior Doc McStuffins™* Assorted Sizes* 20 Count, 1005
100167, BAND-AID® Brand Adhesive Bandages featuring Disney Frozen* Assorted Sizes* 20 Count, 1005
100168, BAND-AID® Brand Adhesive Bandages featuring Disney Junior Elena of Avalor* Assorted Sizes* 20 Count, 1005
100169, BAND-AID® Brand Adhesive Bandages featuring Disney Junior Sophia the First* Assorted Sizes* 20 Count, 1005
100170, BAND-AID® Brand SKIN-FLEX™ Adhesive Bandages* Extra Large* 7 Count, 1005
100171, BAND-AID® Brand Adhesive Bandages featuring Disney Junior* The Lion Guard* Assorted Sizes* 20 Count, 1005
100172, BAND-AID® Brand Flexible Fabric Adhesive Bandages Travel Pack, 1005
100173, BAND-AID® Brand Flexible Fabric Adhesive Bandages Travel Pack, 1005
100174, BAND-AID® Brand TOUGH-STRIPS® Waterproof Adhesive Bandages* Extra Large, 1005
100175, BAND-AID® Brand* COMFORT-FLEX® Clear Strips Adhesive Bandages, 1005
100176, JOHNSON'S® KIDS NO MORE TANGLES® Detangling Spray STRAWBERRY SENSATION®* 10 Fl. Oz, 1006
100177, JOHNSON’S® NO MORE TANGLES® Shampoo* 18 Fl. Oz, 1006 
100178, Children's MOTRIN® Oral Suspension* Berry* 1 Oz, 1009
100179, Children's MOTRIN® Oral Suspension* Grape* 4 Oz, 1009
100180, MOTRIN® IB Liquid Gels* 120 Count, 1009
100181, Children's MOTRIN® Oral Suspension* Bubble Gum* 4 Oz, 1009
100182, Infants' MOTRIN® Concentrated Drops Dye-Free* 1 Fl. Oz, 1009
100183, MOTRIN® IB* 100 Count, 1009
100184, MOTRIN® IB Liquid Gels* 20 Count, 1009
100185, Children's MOTRIN® Oral Suspension Dye-Free Berry* 4 Oz, 1009
100186, Infants' MOTRIN® Concentrated Drops* .5 Oz, 1009
100187, MOTRIN® IB* 50 Count, 1009
100188, MOTRIN® IB Liquid Gels* 80 Count, 1009
100189, Children's MOTRIN® Oral Suspension* 4 Oz, 1009
100190, MOTRIN® IB* 50 Count* Pack of 2, 1009
100191, Children’s TYLENOL® Oral Suspension* Grape 4 FL. OZ., 1009
100192, MOTRIN® IB* 225 Count, 1009
100193, Infants' MOTRIN® Concentrated Drops* Dye-Free* 1 Oz, 1009
100194, Children's MOTRIN® Oral Suspension* Berry* 4 Oz, 1009
100195, TYLENOL® Extra Strength Caplets* 500 mg* 100 Count, 1009
100196, NEOSPORIN® + Pain Relief NEO TO GO!® First Aid Antiseptic/Pain Reliing Spray* .26 Oz, 1009
100197, Infants' TYLENOL® Oral Suspension* 2 Oz, 1009
100198, MOTRIN® IB* 50 Count* Pack of 2, 1009
100199, Children’s TYLENOL® Oral Suspension* Grape 4 FL. OZ., 1009
100200, MOTRIN® IB* 225 Count, 1009
100201, TYLENOL® Rapid Release Gels* 225 ct., 1009
100202, TYLENOL® Rapid Release Gels* 100 ct., 1009
100203, TYLENOL® Rapid Release Gels* 24 ct., 1009
100204, Children’s TYLENOL® Chewables* Grape* 24 ct., 1009
100205, Children’s TYLENOL® Chewables* Bubblegum* 24 ct., 1009
100206, BAND-AID® Brand SKIN-FLEX™ Adhesive Bandages* All One Size* 25 Count, 1009
100207, TYLENOL® Extra Strength Caplets* 500 mg* 6 Count, 1009
100208, TYLENOL® Regular Strength Tablets* 325 mg* 100 Count, 1009
100209, NEUTROGENA® Makeup Remover Cleansing Towelettes* 25 Count, 1010
100210, AVEENO® Absolutely Ageless™ Restorative Night Cream* 1.7 Oz, 1010
100211, NEOSPORIN® + Pain Relief NEO TO GO!® First Aid Antiseptic/Pain Relieving Spray* .26 Oz, 1010
100212, NEUTROGENA® One Step Gentle Cleanser* 5.2 Oz, 1010
100213, CLEAN & CLEAR® Day/Night Cleanser 2-Pack, 1010
100214, AVEENO® Absolutely Ageless™ Intensive Renewal Serum* 1 Fl. Oz, 1010
100215, JOHNSON'S® Baby Bubble Bath & Wash* 28 Fl. Oz, 1010
100216, LUBRIDERM® Daily Moisture Lotion* 6 Fl. Oz., 1010
100217, CLEAN & CLEAR® ADVANTAGE® Acne Control Kit, 1010
100218, JOHNSON'S® Baby Lotion* 15 Fl. Oz, 1010
100219, NEUTROGENA® Light Night Cream* 2.25 Oz, 1010
100220, AVEENO® Absolutely Ageless™ Nourishing Cleanser* 5.2 Fl. Oz, 1010
100221, AVEENO® Baby CALMING COMFORT® Bath + Lotion Set* 2 Items, 1010
100222, JOHNSON'S® HEAD-TO-TOE® Extra Moisturizing Baby Cream* 1 Oz, 1010
100223, JOHNSON'S® HEAD-TO-TOE® Extra Moisturizing Baby Cream* 27 Oz, 1010
100224, JOHNSON'S® HEAD-TO-TOE® Extra Moisturizing Baby Cream* 8 Oz, 1010
100225, JOHNSON'S® HEAD-TO-TOE® Extra Moisturizing Baby Cream* 15 Oz, 1010
100226, RoC® RETINOL CORREXION® Sensitive Night Cream, 1010
100227, RoC® MULTI CORREXION® Daily Moisturizer, 1010
100228, RoC® RETINOL CORREXION® Eye Cream, 1010
100229, RoC® RETINOL CORREXION® Deep Wrinkle Night Cream, 1010
100230, RoC® MULTI CORREXION® Chest* Neck & Face Cream, 1010
100231, RoC® MULTI CORREXION® Eye Cream, 1010
100232, RoC® RETINOL CORREXION® Deep Wrinkle Serum, 1010
100233, NEUTROGENA® RAPID WRINKLE REPAIR® Night Moisturizer, 1010
100234, AVEENO® POSITIVELY RADIANT® Daily Moisturizer with Broad Spectrum SPF 30, 1010
100235, NEUTROGENA® AGE SHIELD® Face Oil-Free Lotion Sunscreen Broad Spectrum SPF 110* 3 Fl. Oz, 1011
100236, NEUTROGENA® Wet Skin Kids Sunscreen Spray Broad Spectrum SPF 70+* 5 Oz, 1011
100237, NEUTROGENA® COOLDRY SPORT Sunscreen Spray Broad Spectrum SPF 70* 5.5 Oz, 1011
